{
  "project_info": {
    "project_number": "124180511778",
    "firebase_url": "https://homesafetydemo.firebaseio.com",
    "project_id": "homesafetydemo",
    "storage_bucket": "homesafetydemo.appspot.com"
  },
  "client": [
    {
      "client_info": {
        "mobilesdk_app_id": "1:124180511778:android:2e8485456de7368b",
        "android_client_info": {
          "package_name": "com.yyp.homesafetydemo"
        }
      },
      "oauth_client": [
        {
          "client_id": "124180511778-ciae4rk7q7r6kmdli8h4ocqr1dk9n1gs.apps.googleusercontent.com",
          "client_type": 3
        }
      ],
      "api_key": [
        {
          "current_key": "AIzaSyAltjoqc6wqFuoOGabbsfPVIFMJzQ6c8LQ"
        }
      ],
      "services": {
        "appinvite_service": {
          "other_platform_oauth_client": [
            {
              "client_id": "124180511778-ciae4rk7q7r6kmdli8h4ocqr1dk9n1gs.apps.googleusercontent.com",
              "client_type": 3
            }
          ]
        }
      }
    }
  ],
  "configuration_version": "1"
}